im,Date,Gender,Age,Product Category,Quantity,Price per Unit,Total Amount
0,2023-11-24,Male,34,Beauty,3,50,150
1,2023-02-27,Female,26,Clothing,2,500,1000
2,2023-01-13,Male,50,Electronics,1,30,30
3,2023-05-21,Male,37,Clothing,1,500,500
4,2023-05-06,Male,30,Beauty,2,50,100
5,2023-04-25,Female,45,Beauty,1,30,30
6,2023-03-13,Male,46,Clothing,2,25,50
7,2023-02-22,Male,30,Electronics,4,25,100
8,2023-12-13,Male,63,Electronics,2,300,600
9,2023-10-07,Female,52,Clothing,4,50,200
10,2023-02-14,Male,23,Clothing,2,50,100
11,2023-10-30,Male,35,Beauty,3,25,75
12,2023-08-05,Male,22,Electronics,3,500,1500
13,2023-01-17,Male,64,Clothing,4,30,120
14,2023-01-16,Female,42,Electronics,4,500,2000
15,2023-02-17,Male,19,Clothing,3,500,1500
16,2023-04-22,Female,27,Clothing,4,25,100
17,2023-04-30,Female,47,Electronics,2,25,50
18,2023-09-16,Female,62,Clothing,2,25,50
19,2023-11-05,Male,22,Clothing,3,300,900
20,2023-01-14,Female,50,Beauty,1,500,500
21,2023-10-15,Male,18,Clothing,2,50,100
22,2023-04-12,Female,35,Clothing,4,30,120
23,2023-11-29,Female,49,Clothing,1,300,300
24,2023-12-26,Female,64,Beauty,1,50,50
25,2023-10-07,Female,28,Electronics,2,500,1000
26,2023-08-03,Female,38,Beauty,2,25,50
27,2023-04-23,Female,43,Beauty,1,500,500
28,2023-08-18,Female,42,Electronics,1,30,30
29,2023-10-29,Female,39,Beauty,3,300,900
30,2023-05-23,Male,44,Electronics,4,300,1200
31,2023-01-04,Male,30,Beauty,3,30,90
32,2023-03-23,Female,50,Electronics,2,50,100
33,2023-12-24,Female,51,Clothing,3,50,150
34,2023-08-05,Female,58,Beauty,3,300,900
35,2023-06-24,Male,52,Beauty,3,300,900
36,2023-05-23,Female,18,Beauty,3,25,75
37,2023-03-21,Male,38,Beauty,4,50,200
38,2023-04-21,Male,23,Clothing,4,30,120
39,2023-06-22,Male,45,Beauty,1,50,50
40,2023-02-22,Male,34,Clothing,2,25,50
41,2023-02-17,Male,22,Clothing,3,300,900
42,2023-07-14,Female,48,Clothing,1,300,300
43,2023-02-19,Female,22,Clothing,1,25,25
44,2023-07-03,Female,55,Electronics,1,30,30
45,2023-06-26,Female,20,Electronics,4,300,1200
46,2023-11-06,Female,40,Beauty,3,500,1500
47,2023-05-16,Male,54,Electronics,3,300,900
48,2023-01-23,Female,54,Electronics,2,500,1000
49,2023-08-24,Female,27,Beauty,3,25,75
50,2023-10-02,Male,27,Beauty,3,25,75
51,2023-03-05,Female,36,Beauty,1,300,300
52,2023-07-13,Male,34,Electronics,2,50,100
53,2023-02-10,Female,38,Electronics,3,500,1500
54,2023-10-10,Male,31,Beauty,4,30,120
55,2023-05-31,Female,26,Clothing,3,300,900
56,2023-11-18,Female,63,Beauty,1,30,30
57,2023-11-13,Male,18,Clothing,4,300,1200
58,2023-07-05,Male,62,Clothing,1,50,50
59,2023-10-23,Male,30,Beauty,3,50,150
60,2023-04-09,Male,21,Beauty,4,50,200
61,2023-12-27,Male,18,Beauty,2,50,100
62,2023-02-05,Male,57,Electronics,2,25,50
63,2023-01-24,Male,49,Clothing,4,25,100
64,2023-12-05,Male,51,Electronics,4,500,2000
65,2023-04-27,Female,45,Electronics,1,30,30
66,2023-05-29,Female,48,Beauty,4,300,1200
67,2023-02-10,Male,25,Electronics,1,300,300
68,2023-04-30,Female,56,Beauty,3,25,75
69,2023-02-21,Female,43,Clothing,1,300,300
70,2023-07-14,Female,51,Beauty,4,25,100
71,2023-05-23,Female,20,Electronics,4,500,2000
72,2023-08-21,Male,29,Electronics,3,30,90
73,2023-11-22,Female,18,Beauty,4,500,2000
74,2023-07-06,Male,61,Beauty,4,50,200
75,2023-03-25,Female,22,Electronics,2,50,100
76,2023-07-09,Female,47,Clothing,2,50,100
77,2023-07-01,Female,47,Clothing,3,500,1500
78,2023-04-18,Male,34,Beauty,1,300,300
79,2023-12-10,Female,64,Clothing,2,30,60
80,2023-05-17,Male,40,Electronics,1,50,50
81,2023-12-26,Female,32,Beauty,4,50,200
82,2023-12-16,Male,54,Electronics,2,50,100
83,2023-11-28,Female,38,Electronics,3,30,90
84,2023-02-06,Male,31,Clothing,3,50,150
85,2023-11-08,Male,19,Beauty,3,30,90
86,2023-11-22,Female,28,Beauty,2,50,100
87,2023-03-29,Male,56,Clothing,1,500,500
88,2023-10-01,Female,55,Electronics,4,500,2000
89,2023-05-06,Female,51,Electronics,1,30,30
90,2023-03-25,Female,55,Electronics,1,500,500
91,2023-08-25,Female,51,Electronics,4,30,120
92,2023-07-14,Female,35,Beauty,4,500,2000
93,2023-05-19,Female,47,Beauty,2,500,1000
94,2023-11-24,Female,32,Clothing,2,30,60
95,2023-12-19,Female,44,Clothing,2,300,600
96,2023-10-13,Female,51,Beauty,2,500,1000
97,2023-04-23,Female,55,Beauty,2,50,100
98,2023-12-17,Female,50,Electronics,4,300,1200
99,2023-06-16,Male,41,Electronics,1,30,30
100,2023-01-29,Male,32,Clothing,2,300,600
101,2023-04-28,Female,47,Beauty,2,25,50
102,2023-01-17,Female,59,Clothing,1,25,25
103,2023-06-11,Female,34,Beauty,2,500,1000
104,2023-07-25,Female,22,Electronics,1,500,500
105,2023-05-18,Female,46,Clothing,1,50,50
106,2023-02-03,Female,21,Clothing,4,300,1200
107,2023-04-19,Female,27,Beauty,3,25,75
108,2023-10-18,Female,34,Electronics,4,500,2000
109,2023-06-11,Male,27,Clothing,3,300,900
110,2023-04-19,Female,34,Electronics,3,500,1500
111,2023-12-02,Male,37,Clothing,3,500,1500
112,2023-09-13,Female,41,Electronics,2,25,50
113,2023-07-22,Female,22,Beauty,4,25,100
114,2023-11-26,Male,51,Clothing,3,500,1500
115,2023-08-23,Female,23,Clothing,1,30,30
116,2023-03-15,Male,19,Electronics,2,500,1000
117,2023-05-16,Female,30,Electronics,4,500,2000
118,2023-03-13,Female,60,Clothing,3,50,150
119,2023-05-07,Male,60,Beauty,1,50,50
120,2023-10-15,Female,28,Electronics,4,50,200
121,2023-10-03,Male,64,Electronics,4,30,120
122,2023-05-15,Female,40,Electronics,2,30,60
123,2023-10-27,Male,33,Clothing,4,500,2000
124,2023-08-08,Male,48,Clothing,2,50,100
125,2023-10-26,Female,28,Clothing,3,30,90
126,2023-07-24,Female,33,Clothing,2,25,50
127,2023-07-05,Male,25,Beauty,1,500,500
128,2023-04-23,Female,21,Beauty,2,300,600
129,2023-03-12,Female,57,Clothing,1,500,500
130,2023-09-18,Female,21,Beauty,2,300,600
131,2023-09-10,Male,42,Electronics,4,50,200
132,2023-02-16,Male,20,Electronics,3,300,900
133,2023-01-25,Male,49,Electronics,1,50,50
134,2023-02-26,Male,20,Clothing,2,25,50
135,2023-03-20,Male,44,Electronics,2,300,600
136,2023-11-18,Male,46,Beauty,2,500,1000
137,2023-03-23,Male,49,Clothing,4,50,200
138,2023-12-15,Male,36,Beauty,4,500,2000
139,2023-08-05,Male,38,Electronics,1,30,30
140,2023-11-02,Female,22,Electronics,1,50,50
141,2023-02-02,Male,35,Electronics,4,300,1200
142,2023-07-17,Female,45,Clothing,1,50,50
143,2023-07-15,Female,59,Beauty,3,500,1500
144,2023-11-02,Female,39,Clothing,3,25,75
145,2023-08-28,Male,38,Clothing,4,50,200
146,2023-09-28,Male,23,Electronics,1,300,300
147,2023-05-09,Male,18,Clothing,2,30,60
148,2023-10-11,Male,22,Clothing,3,25,75
149,2023-01-06,Female,58,Electronics,4,30,120
150,2023-12-15,Male,29,Clothing,1,50,50
151,2023-02-28,Male,43,Electronics,4,500,2000
152,2023-12-16,Male,63,Electronics,2,500,1000
153,2023-10-02,Male,51,Electronics,3,300,900
154,2023-05-17,Male,31,Electronics,4,500,2000
155,2023-11-25,Female,43,Clothing,4,25,100
156,2023-06-24,Male,62,Electronics,4,500,2000
157,2023-02-27,Female,44,Electronics,2,300,600
158,2023-05-31,Male,26,Clothing,4,50,200
159,2023-08-11,Female,43,Clothing,2,50,100
160,2023-03-22,Male,64,Beauty,2,500,1000
161,2023-08-21,Male,39,Clothing,2,30,60
162,2023-01-02,Female,64,Clothing,3,50,150
163,2023-05-15,Female,47,Beauty,3,500,1500
164,2023-09-14,Female,60,Clothing,4,300,1200
165,2023-04-02,Male,34,Clothing,4,500,2000
166,2023-09-17,Female,43,Clothing,3,50,150
167,2023-02-24,Male,53,Clothing,1,300,300
168,2023-11-17,Male,18,Beauty,3,500,1500
169,2023-06-02,Female,25,Clothing,2,25,50
170,2023-11-24,Female,52,Clothing,3,300,900
171,2023-09-17,Male,32,Beauty,2,25,50
172,2023-11-08,Male,64,Electronics,4,30,120
173,2023-04-12,Female,39,Beauty,1,300,300
174,2023-03-20,Female,31,Electronics,4,25,100
175,2023-07-11,Female,43,Beauty,2,50,100
176,2023-03-24,Male,45,Beauty,2,50,100
177,2023-10-04,Male,40,Clothing,2,30,60
178,2023-09-29,Male,31,Electronics,1,300,300
179,2023-01-01,Male,41,Clothing,3,300,900
180,2023-11-03,Male,19,Electronics,4,300,1200
181,2023-06-15,Male,62,Beauty,4,30,120
182,2023-09-08,Female,43,Beauty,3,300,900
183,2023-01-10,Male,31,Electronics,4,50,200
184,2023-02-27,Male,24,Clothing,1,25,25
185,2023-07-05,Male,20,Clothing,4,50,200
186,2023-06-07,Female,64,Clothing,2,50,100
187,2023-05-03,Male,40,Clothing,3,25,75
188,2023-01-30,Male,63,Beauty,1,50,50
189,2023-05-04,Female,60,Beauty,3,30,90
190,2023-10-18,Male,64,Beauty,1,25,25
191,2023-02-10,Male,62,Beauty,2,50,100
192,2023-02-13,Male,35,Beauty,3,500,1500
193,2023-09-06,Male,55,Clothing,4,50,200
194,2023-02-05,Male,52,Clothing,1,30,30
195,2023-09-30,Female,32,Clothing,3,300,900
196,2023-03-06,Female,42,Clothing,4,50,200
197,2023-03-07,Female,54,Beauty,3,300,900
198,2023-12-04,Male,45,Beauty,3,500,1500
199,2023-09-01,Male,27,Beauty,3,50,150
200,2023-10-09,Male,56,Electronics,1,25,25
201,2023-03-26,Female,34,Clothing,4,300,1200
202,2023-05-16,Male,56,Clothing,2,500,1000
203,2023-09-28,Male,39,Beauty,1,25,25
204,2023-11-07,Female,43,Clothing,1,25,25
205,2023-08-05,Male,61,Clothing,1,25,25
206,2023-04-19,Female,42,Beauty,2,25,50
207,2023-10-04,Female,34,Electronics,4,50,200
208,2023-12-20,Female,30,Electronics,4,50,200
209,2023-04-13,Male,37,Electronics,4,50,200
210,2024-01-01,Male,42,Beauty,3,500,1500
211,2023-06-09,Male,21,Clothing,3,500,1500
212,2023-07-24,Male,27,Beauty,3,500,1500
213,2023-12-10,Male,20,Beauty,2,30,60
214,2023-11-29,Male,58,Clothing,3,500,1500
215,2023-07-11,Male,62,Electronics,2,50,100
216,2023-08-13,Female,35,Electronics,4,50,200
217,2023-09-22,Male,64,Beauty,3,30,90
218,2023-08-20,Female,53,Electronics,3,30,90
219,2023-03-03,Male,64,Beauty,1,500,500
220,2023-05-07,Male,39,Beauty,2,300,600
221,2023-04-26,Male,51,Clothing,4,30,120
222,2023-02-02,Female,64,Clothing,1,25,25
223,2023-06-23,Female,25,Clothing,1,50,50
224,2023-01-11,Female,57,Beauty,4,25,100
225,2023-10-29,Female,61,Clothing,1,50,50
226,2023-10-11,Male,36,Electronics,2,50,100
227,2023-04-28,Female,59,Electronics,2,30,60
228,2023-10-29,Male,58,Beauty,3,30,90
229,2023-04-23,Male,54,Beauty,1,25,25
230,2023-01-04,Female,23,Clothing,3,50,150
231,2023-02-06,Female,43,Beauty,1,25,25
232,2023-12-29,Female,51,Beauty,2,300,600
233,2023-11-20,Female,62,Electronics,2,25,50
234,2023-01-31,Female,23,Electronics,2,500,1000
235,2023-04-28,Female,54,Clothing,1,25,25
236,2023-02-04,Female,50,Beauty,2,500,1000
237,2023-01-17,Female,39,Beauty,1,500,500
238,2023-06-19,Male,38,Electronics,3,500,1500
239,2023-02-06,Female,23,Beauty,1,300,300
240,2023-09-21,Female,23,Electronics,3,25,75
241,2023-05-02,Male,21,Clothing,1,25,25
242,2023-05-23,Female,47,Electronics,3,300,900
243,2023-12-09,Male,28,Beauty,2,50,100
244,2023-09-06,Male,47,Clothing,3,30,90
245,2023-04-20,Female,48,Electronics,2,25,50
246,2023-10-04,Male,41,Electronics,2,30,60
247,2023-03-09,Male,26,Clothing,3,300,900
248,2023-10-20,Male,20,Clothing,1,50,50
249,2023-10-23,Male,48,Electronics,1,50,50
250,2023-08-31,Female,57,Beauty,4,50,200
251,2023-05-05,Male,54,Electronics,1,300,300
252,2023-08-31,Female,53,Clothing,4,500,2000
253,2023-07-28,Male,41,Electronics,1,500,500
254,2023-04-08,Male,48,Clothing,1,30,30
255,2023-02-18,Male,23,Clothing,2,500,1000
256,2023-02-19,Male,19,Beauty,4,500,2000
257,2023-12-04,Female,37,Clothing,1,50,50
258,2023-08-09,Female,45,Clothing,4,50,200
259,2023-07-01,Male,28,Beauty,2,30,60
260,2023-08-05,Male,21,Clothing,2,25,50
261,2023-07-30,Female,32,Beauty,4,30,120
262,2023-08-28,Male,23,Beauty,2,30,60
263,2023-01-28,Male,47,Clothing,3,300,900
264,2023-12-11,Male,55,Clothing,3,300,900
265,2023-12-01,Female,19,Electronics,2,30,60
266,2023-11-27,Female,32,Beauty,3,30,90
267,2023-02-20,Female,28,Electronics,1,30,30
268,2023-02-01,Male,25,Clothing,4,500,2000
269,2023-07-26,Male,43,Electronics,1,300,300
270,2023-06-23,Female,62,Beauty,4,30,120
271,2023-02-25,Female,61,Electronics,2,50,100
272,2023-05-08,Female,22,Beauty,1,50,50
273,2023-04-09,Female,23,Clothing,2,500,1000
274,2023-04-08,Male,43,Clothing,2,500,1000
275,2023-10-02,Female,21,Beauty,4,25,100
276,2023-08-18,Male,36,Clothing,4,25,100
277,2023-03-13,Female,37,Clothing,4,25,100
278,2023-08-05,Male,50,Clothing,1,500,500
279,2023-04-04,Female,37,Clothing,3,500,1500
280,2023-05-23,Female,29,Beauty,4,500,2000
281,2023-08-25,Female,64,Electronics,4,50,200
282,2023-05-08,Female,18,Electronics,1,500,500
283,2023-02-08,Male,43,Clothing,4,50,200
284,2023-08-15,Female,31,Electronics,1,25,25
285,2023-10-09,Male,55,Electronics,2,25,50
286,2023-02-20,Male,54,Clothing,4,25,100
287,2023-01-26,Male,28,Clothing,4,30,120
288,2023-11-30,Male,53,Electronics,2,30,60
289,2023-10-04,Female,30,Beauty,2,300,600
290,2023-01-08,Male,60,Clothing,2,300,600
291,2023-02-17,Male,20,Beauty,4,300,1200
292,2023-05-02,Male,50,Electronics,3,30,90
293,2023-03-27,Female,23,Clothing,3,30,90
294,2023-07-28,Female,27,Beauty,3,300,900
295,2023-09-06,Female,22,Clothing,4,300,1200
296,2023-09-04,Female,40,Electronics,2,500,1000
297,2023-04-20,Male,27,Beauty,4,300,1200
298,2023-07-25,Male,61,Electronics,2,500,1000
299,2023-01-31,Female,19,Electronics,4,50,200
300,2023-03-26,Male,30,Clothing,4,30,120
301,2023-07-14,Male,57,Beauty,2,300,600
302,2023-01-02,Male,19,Electronics,3,30,90
303,2023-07-19,Female,37,Electronics,2,30,60
304,2023-05-16,Female,18,Beauty,1,30,30
305,2023-08-21,Male,54,Electronics,1,50,50
306,2023-05-27,Female,26,Electronics,2,25,50
307,2023-08-05,Female,34,Beauty,4,300,1200
308,2023-12-23,Female,26,Beauty,1,25,25
309,2023-10-12,Female,28,Beauty,1,25,25
310,2023-12-05,Female,32,Beauty,4,25,100
311,2023-09-07,Male,41,Clothing,4,30,120
312,2023-03-21,Female,55,Beauty,3,500,1500
313,2023-04-08,Male,52,Clothing,4,30,120
314,2023-06-01,Male,47,Clothing,2,30,60
315,2023-04-22,Female,48,Clothing,2,25,50
316,2023-01-30,Male,22,Electronics,3,30,90
317,2023-10-24,Male,61,Clothing,1,25,25
318,2023-10-05,Male,31,Clothing,1,500,500
319,2023-02-01,Female,28,Electronics,4,300,1200
320,2023-06-10,Female,26,Electronics,2,25,50
321,2023-01-30,Male,51,Electronics,1,500,500
322,2023-01-26,Female,29,Beauty,3,300,900
323,2023-10-27,Female,52,Electronics,3,50,150
324,2023-09-02,Female,52,Electronics,2,25,50
325,2023-09-15,Female,18,Clothing,3,25,75
326,2023-09-29,Male,57,Electronics,3,50,150
327,2023-03-22,Male,39,Beauty,2,50,100
328,2023-01-30,Female,46,Electronics,4,25,100
329,2023-09-18,Female,25,Beauty,4,50,200
330,2023-02-11,Male,28,Electronics,3,30,90
331,2023-04-06,Male,58,Electronics,4,300,1200
332,2023-02-05,Female,54,Electronics,4,300,1200
333,2023-11-01,Male,31,Electronics,3,300,900
334,2023-02-04,Female,47,Beauty,4,30,120
335,2023-12-12,Female,52,Beauty,3,50,150
336,2023-05-01,Male,38,Clothing,1,500,500
337,2023-07-26,Male,54,Beauty,2,50,100
338,2023-03-03,Female,22,Electronics,2,25,50
339,2023-10-19,Female,36,Clothing,4,300,1200
340,2023-05-07,Male,31,Clothing,4,50,200
341,2023-10-24,Female,43,Clothing,4,500,2000
342,2023-11-01,Male,21,Electronics,2,25,50
343,2023-01-21,Female,42,Beauty,1,30,30
344,2023-11-14,Male,62,Electronics,1,30,30
345,2023-02-11,Male,59,Clothing,2,500,1000
346,2023-08-03,Male,42,Electronics,1,25,25
347,2023-12-03,Female,35,Electronics,2,300,600
348,2023-10-26,Female,57,Beauty,1,50,50
349,2023-10-17,Male,25,Beauty,3,25,75
350,2023-09-25,Female,56,Clothing,3,30,90
351,2023-06-11,Male,57,Electronics,2,500,1000
352,2023-05-14,Male,31,Electronics,1,500,500
353,2023-04-15,Female,49,Beauty,4,50,200
354,2023-12-09,Female,55,Electronics,1,500,500
355,2023-06-10,Male,50,Electronics,3,500,1500
356,2023-05-03,Female,40,Electronics,3,25,75
357,2023-05-16,Female,32,Beauty,1,300,300
358,2023-07-22,Male,50,Clothing,1,50,50
359,2023-03-09,Male,42,Clothing,4,25,100
360,2023-12-10,Female,34,Electronics,4,300,1200
361,2023-11-27,Male,50,Clothing,1,25,25
362,2023-06-03,Male,64,Beauty,1,25,25
363,2023-08-23,Female,19,Beauty,1,500,500
364,2023-06-11,Male,31,Clothing,1,300,300
365,2023-02-07,Male,57,Clothing,2,50,100
366,2023-01-05,Female,57,Electronics,1,50,50
367,2023-08-23,Female,56,Clothing,4,300,1200
368,2023-11-15,Male,23,Electronics,3,500,1500
369,2023-10-16,Male,23,Electronics,2,30,60
370,2023-02-21,Female,20,Beauty,1,25,25
371,2023-02-07,Female,24,Beauty,3,500,1500
372,2023-10-03,Female,25,Beauty,2,300,600
373,2023-04-20,Female,59,Beauty,3,25,75
374,2023-09-17,Male,32,Clothing,1,50,50
375,2023-05-16,Female,64,Beauty,1,30,30
376,2023-03-09,Female,46,Clothing,4,50,200
377,2023-06-28,Male,50,Beauty,1,300,300
378,2023-02-05,Female,47,Clothing,1,25,25
379,2023-05-06,Male,56,Electronics,2,300,600
380,2023-07-09,Female,44,Clothing,4,25,100
381,2023-05-26,Female,53,Clothing,2,500,1000
382,2023-03-22,Female,46,Beauty,3,30,90
383,2023-08-13,Male,55,Clothing,1,500,500
384,2023-10-06,Male,50,Electronics,3,500,1500
385,2023-12-27,Female,54,Electronics,2,300,600
386,2023-06-04,Male,44,Beauty,1,30,30
387,2023-11-10,Male,50,Electronics,1,25,25
388,2023-12-01,Male,21,Clothing,2,25,50
389,2023-09-28,Male,39,Electronics,2,50,100
390,2023-01-05,Male,19,Beauty,2,25,50
391,2023-12-08,Male,27,Clothing,2,300,600
392,2023-10-11,Female,22,Beauty,2,500,1000
393,2023-06-03,Female,27,Clothing,1,500,500
394,2023-12-06,Male,50,Electronics,2,500,1000
395,2023-02-23,Female,55,Beauty,1,30,30
396,2023-03-10,Female,30,Beauty,1,25,25
397,2023-05-16,Female,48,Clothing,2,300,600
398,2023-03-01,Female,64,Beauty,2,30,60
399,2023-02-24,Male,53,Clothing,4,50,200
400,2023-10-11,Female,62,Clothing,1,300,300
401,2023-03-21,Female,41,Clothing,2,300,600
402,2023-05-20,Male,32,Clothing,2,300,600
403,2023-05-25,Male,46,Electronics,2,500,1000
404,2023-11-06,Female,25,Clothing,4,300,1200
405,2023-04-18,Female,22,Beauty,4,25,100
406,2023-06-25,Female,46,Electronics,3,300,900
407,2023-04-15,Female,64,Beauty,1,500,500
408,2023-12-18,Female,21,Electronics,3,300,900
409,2023-11-21,Female,29,Clothing,2,50,100
410,2023-05-16,Male,62,Electronics,4,50,200
411,2023-09-16,Female,19,Electronics,4,500,2000
412,2023-09-08,Female,44,Beauty,3,25,75
413,2023-05-09,Male,48,Beauty,4,25,100
414,2023-01-27,Male,53,Clothing,2,30,60
415,2023-02-17,Male,53,Electronics,4,500,2000
416,2023-11-21,Male,43,Electronics,3,300,900
417,2023-08-05,Female,60,Electronics,2,500,1000
418,2023-05-22,Female,44,Clothing,3,30,90
419,2023-01-23,Female,22,Clothing,4,500,2000
420,2023-01-02,Female,37,Clothing,3,500,1500
421,2023-06-20,Female,28,Clothing,3,30,90
422,2023-03-08,Female,27,Clothing,1,25,25
423,2023-11-23,Male,57,Beauty,4,300,1200
424,2023-05-15,Female,55,Electronics,4,30,120
425,2023-03-24,Male,23,Electronics,3,50,150
426,2023-08-15,Male,25,Electronics,1,25,25
427,2023-10-10,Female,40,Electronics,4,50,200
428,2023-12-28,Male,64,Electronics,2,25,50
429,2023-08-07,Female,43,Electronics,3,300,900
430,2023-10-15,Male,63,Electronics,4,300,1200
431,2023-01-05,Female,60,Electronics,2,500,1000
432,2023-02-27,Male,29,Beauty,4,50,200
433,2023-02-08,Female,43,Electronics,2,25,50
434,2023-12-20,Female,30,Beauty,3,300,900
435,2023-03-18,Female,57,Clothing,4,30,120
436,2023-10-07,Female,35,Electronics,4,300,1200
437,2023-01-19,Female,42,Clothing,1,30,30
438,2023-07-09,Male,50,Clothing,3,25,75
439,2023-10-26,Male,64,Clothing,2,300,600
440,2023-10-10,Male,57,Beauty,4,300,1200
441,2023-03-17,Female,60,Clothing,4,25,100
442,2023-08-09,Male,29,Clothing,2,300,600
443,2023-03-07,Female,61,Clothing,3,30,90
444,2023-01-22,Female,53,Electronics,1,300,300
445,2023-06-07,Male,21,Electronics,1,50,50
446,2023-07-06,Male,22,Beauty,4,500,2000
447,2023-01-21,Female,54,Beauty,2,30,60
448,2023-07-03,Male,25,Electronics,4,50,200
449,2023-04-18,Female,59,Beauty,2,25,50
450,2023-12-16,Female,45,Electronics,1,30,30
451,2023-05-08,Female,48,Clothing,3,500,1500
452,2023-12-08,Female,26,Clothing,2,500,1000
453,2023-02-22,Female,46,Beauty,1,25,25
454,2023-07-01,Male,31,Electronics,4,25,100
455,2023-10-14,Male,57,Electronics,2,30,60
456,2023-07-28,Female,58,Beauty,3,300,900
457,2023-11-14,Female,39,Electronics,4,25,100
458,2023-03-21,Male,28,Clothing,4,300,1200
459,2023-05-02,Male,40,Beauty,1,50,50
460,2023-03-25,Female,18,Beauty,2,500,1000
461,2023-04-01,Male,63,Electronics,4,300,1200
462,2023-07-31,Female,54,Beauty,3,500,1500
463,2023-01-13,Male,38,Electronics,2,300,600
464,2023-04-02,Female,43,Electronics,3,50,150
465,2023-06-20,Male,63,Electronics,4,25,100
466,2023-07-30,Female,53,Electronics,3,50,150
467,2023-12-09,Male,40,Electronics,1,25,25
468,2023-05-08,Male,18,Beauty,3,25,75
469,2023-05-17,Female,57,Clothing,2,500,1000
470,2023-03-23,Male,32,Clothing,3,50,150
471,2023-12-26,Female,38,Beauty,3,300,900
472,2023-02-25,Male,64,Beauty,1,50,50
473,2023-07-15,Female,26,Clothing,3,500,1500
474,2023-01-20,Male,26,Clothing,3,25,75
475,2023-08-29,Female,27,Clothing,4,500,2000
476,2023-04-24,Male,43,Clothing,4,30,120
477,2023-04-13,Female,58,Clothing,2,30,60
478,2023-08-24,Male,52,Electronics,4,300,1200
479,2023-06-29,Female,42,Beauty,4,500,2000
480,2023-06-06,Female,43,Electronics,4,300,1200
481,2023-04-27,Female,28,Clothing,4,300,1200
482,2023-04-25,Male,55,Clothing,1,30,30
483,2023-01-13,Female,19,Clothing,4,300,1200
484,2023-12-04,Male,24,Electronics,1,30,30
485,2023-04-09,Female,35,Electronics,1,25,25
486,2023-07-24,Male,44,Clothing,4,500,2000
487,2023-06-18,Female,51,Electronics,3,300,900
488,2023-05-23,Male,44,Electronics,1,30,30
489,2023-02-05,Male,34,Clothing,3,50,150
490,2023-05-23,Female,60,Electronics,3,300,900
491,2023-06-29,Male,61,Beauty,4,25,100
492,2023-11-25,Male,41,Beauty,2,25,50
493,2023-09-18,Female,42,Beauty,4,50,200
494,2023-07-24,Male,24,Beauty,2,30,60
495,2023-12-14,Male,23,Clothing,2,300,600
496,2023-10-02,Male,41,Clothing,4,30,120
497,2023-06-19,Female,50,Clothing,4,25,100
498,2023-01-15,Male,46,Beauty,2,30,60
499,2023-03-01,Female,60,Beauty,4,25,100
500,2023-05-14,Male,39,Electronics,2,30,60
501,2023-04-02,Male,43,Electronics,3,50,150
502,2023-10-25,Male,45,Beauty,4,500,2000
503,2023-05-16,Female,38,Beauty,3,50,150
504,2023-01-20,Male,24,Beauty,1,50,50
505,2023-02-25,Male,34,Beauty,3,500,1500
506,2023-11-02,Female,37,Electronics,3,500,1500
507,2023-08-11,Male,58,Beauty,2,300,600
508,2023-06-26,Female,37,Electronics,3,300,900
509,2023-06-10,Female,39,Beauty,4,50,200
510,2023-08-12,Male,45,Beauty,2,50,100
511,2023-11-07,Female,57,Beauty,1,25,25
512,2023-09-19,Male,24,Electronics,4,25,100
513,2023-03-01,Female,18,Electronics,1,300,300
514,2023-07-17,Female,49,Clothing,3,300,900
515,2023-10-23,Male,30,Beauty,4,25,100
516,2023-04-08,Female,47,Clothing,4,25,100
517,2023-05-11,Female,40,Clothing,1,30,30
518,2023-01-23,Female,36,Electronics,4,30,120
519,2023-12-29,Female,49,Electronics,4,25,100
520,2023-08-12,Female,47,Clothing,4,30,120
521,2023-01-01,Male,46,Beauty,3,500,1500
522,2023-09-24,Female,62,Electronics,1,300,300
523,2023-10-03,Male,46,Beauty,4,300,1200
524,2023-12-18,Female,47,Beauty,2,25,50
525,2023-12-10,Male,33,Clothing,2,50,100
526,2023-04-11,Male,57,Clothing,2,25,50
527,2023-07-06,Female,36,Clothing,2,30,60
528,2023-08-09,Female,35,Clothing,3,50,150
529,2023-02-05,Female,18,Electronics,4,30,120
530,2023-12-07,Male,31,Electronics,1,500,500
531,2023-06-19,Female,64,Clothing,4,30,120
532,2023-11-16,Male,19,Electronics,3,500,1500
533,2023-06-10,Male,45,Clothing,2,500,1000
534,2023-12-06,Male,47,Beauty,3,30,90
535,2023-03-05,Female,55,Beauty,4,30,120
536,2023-06-03,Female,21,Beauty,1,500,500
537,2023-09-17,Male,18,Clothing,3,50,150
538,2023-06-08,Male,25,Beauty,1,500,500
539,2023-12-08,Female,46,Electronics,3,300,900
540,2023-07-29,Male,56,Beauty,1,500,500
541,2023-06-17,Female,20,Beauty,1,50,50
542,2023-07-26,Male,49,Beauty,2,300,600
543,2023-12-23,Female,27,Electronics,1,25,25
544,2023-06-01,Male,27,Clothing,2,25,50
545,2023-10-11,Female,36,Electronics,4,50,200
546,2023-03-07,Male,63,Clothing,4,500,2000
547,2023-04-09,Female,51,Clothing,2,30,60
548,2023-08-04,Female,50,Beauty,2,50,100
549,2023-12-07,Male,40,Clothing,3,300,900
550,2023-07-14,Male,45,Electronics,3,300,900
551,2023-12-13,Female,49,Electronics,3,25,75
552,2023-03-31,Male,24,Clothing,4,300,1200
553,2023-11-12,Female,46,Beauty,3,50,150
554,2023-10-19,Male,25,Beauty,1,300,300
555,2023-06-04,Female,18,Electronics,1,50,50
556,2023-07-27,Female,20,Beauty,3,30,90
557,2023-10-08,Female,41,Clothing,1,25,25
558,2023-01-01,Female,40,Clothing,4,300,1200
559,2023-06-05,Female,25,Electronics,1,50,50
560,2023-05-27,Female,64,Clothing,4,500,2000
561,2023-04-18,Male,54,Electronics,2,25,50
562,2023-08-09,Male,20,Clothing,2,30,60
563,2023-10-24,Male,50,Electronics,2,50,100
564,2023-11-07,Female,45,Beauty,2,30,60
565,2023-12-02,Female,64,Clothing,1,30,30
566,2023-06-14,Female,25,Clothing,3,300,900
567,2023-08-27,Female,51,Electronics,1,300,300
568,2023-08-15,Male,52,Electronics,4,50,200
569,2023-08-15,Male,49,Clothing,1,500,500
570,2023-12-12,Female,41,Electronics,1,50,50
571,2023-04-20,Male,31,Clothing,4,500,2000
572,2023-09-19,Male,49,Beauty,2,30,60
573,2023-08-31,Female,63,Electronics,2,25,50
574,2023-03-28,Male,60,Clothing,2,50,100
575,2023-12-04,Female,33,Beauty,3,50,150
576,2023-02-13,Male,21,Beauty,4,500,2000
577,2023-05-26,Female,54,Clothing,4,30,120
578,2023-09-21,Female,38,Electronics,1,30,30
579,2023-12-06,Female,31,Clothing,3,500,1500
580,2023-11-21,Female,48,Beauty,2,30,60
581,2023-11-14,Male,35,Clothing,3,300,900
582,2023-06-21,Female,24,Electronics,4,25,100
583,2023-02-17,Female,27,Beauty,4,50,200
584,2023-05-01,Female,24,Clothing,1,25,25
585,2023-12-11,Male,50,Electronics,1,50,50
586,2023-06-08,Female,40,Beauty,4,300,1200
587,2023-04-26,Male,38,Electronics,2,30,60
588,2023-04-12,Female,36,Beauty,2,500,1000
589,2023-03-17,Male,36,Clothing,3,300,900
590,2023-01-13,Male,53,Electronics,4,25,100
591,2023-01-24,Female,46,Beauty,4,500,2000
592,2023-05-06,Male,35,Electronics,2,30,60
593,2023-09-01,Female,19,Electronics,2,300,600
594,2023-11-09,Female,18,Clothing,4,500,2000
595,2023-02-07,Female,64,Electronics,1,300,300
596,2023-08-22,Male,22,Beauty,4,300,1200
597,2023-08-01,Male,37,Beauty,4,30,120
598,2023-11-19,Female,28,Beauty,2,50,100
599,2023-10-22,Female,59,Beauty,2,500,1000
600,2023-04-10,Male,19,Clothing,1,30,30
601,2023-12-23,Female,20,Electronics,1,300,300
602,2023-07-16,Female,40,Clothing,3,30,90
603,2023-09-11,Female,29,Electronics,4,50,200
604,2023-07-24,Male,37,Electronics,2,500,1000
605,2023-05-05,Male,22,Electronics,1,50,50
606,2023-03-17,Male,54,Clothing,3,25,75
607,2023-12-02,Female,55,Electronics,3,500,1500
608,2023-12-19,Female,47,Clothing,2,50,100
609,2023-01-03,Female,26,Beauty,2,300,600
610,2023-02-24,Male,51,Beauty,3,500,1500
611,2023-08-06,Female,61,Electronics,1,500,500
612,2023-04-23,Female,52,Clothing,3,30,90
613,2023-04-01,Female,39,Beauty,4,300,1200
614,2023-12-23,Female,61,Clothing,4,25,100
615,2023-09-23,Male,41,Clothing,2,50,100
616,2023-08-26,Male,34,Electronics,1,30,30
617,2023-01-26,Female,27,Beauty,1,50,50
618,2023-10-13,Male,47,Electronics,4,25,100
619,2023-05-08,Male,63,Electronics,3,25,75
620,2023-03-04,Female,40,Beauty,2,500,1000
621,2023-08-22,Female,49,Beauty,3,25,75
622,2023-03-10,Male,34,Clothing,3,50,150
623,2023-08-26,Female,34,Beauty,3,300,900
624,2023-12-08,Male,31,Clothing,1,300,300
625,2023-09-29,Female,26,Clothing,4,500,2000
626,2023-10-14,Male,57,Clothing,1,50,50
627,2023-11-01,Female,19,Beauty,4,50,200
628,2023-06-12,Male,62,Electronics,2,25,50
629,2023-08-15,Male,42,Clothing,2,50,100
630,2023-11-10,Male,56,Electronics,3,30,90
631,2023-09-16,Female,26,Electronics,4,25,100
632,2023-08-07,Male,39,Beauty,4,30,120
633,2023-10-08,Male,60,Electronics,4,500,2000
634,2023-08-17,Female,63,Electronics,3,300,900
635,2023-03-23,Female,21,Beauty,3,500,1500
636,2023-09-01,Male,43,Clothing,2,300,600
637,2023-08-19,Male,46,Electronics,1,500,500
638,2023-05-13,Female,62,Beauty,4,50,200
639,2023-05-07,Female,51,Electronics,4,30,120
640,2023-11-23,Female,40,Electronics,1,300,300
641,2023-05-22,Female,54,Clothing,4,25,100
642,2023-09-24,Female,28,Electronics,3,30,90
643,2023-09-06,Male,23,Beauty,3,25,75
644,2023-11-17,Female,35,Electronics,4,30,120
645,2023-05-03,Male,38,Clothing,3,30,90
646,2023-05-21,Male,59,Clothing,3,500,1500
647,2023-08-14,Male,53,Beauty,4,300,1200
648,2023-02-09,Female,58,Clothing,2,300,600
649,2024-01-01,Male,55,Electronics,1,30,30
650,2023-05-27,Male,51,Clothing,3,50,150
651,2023-05-01,Female,34,Beauty,2,50,100
652,2023-05-20,Male,54,Clothing,3,25,75
653,2023-06-21,Male,42,Clothing,3,25,75
654,2023-06-13,Female,55,Clothing,1,500,500
655,2023-10-04,Male,29,Beauty,3,30,90
656,2023-02-11,Male,40,Clothing,1,25,25
657,2023-03-12,Male,59,Clothing,1,25,25
658,2023-03-19,Female,39,Electronics,1,30,30
659,2023-04-29,Female,38,Beauty,2,500,1000
660,2023-07-16,Female,44,Clothing,4,25,100
661,2023-12-22,Male,48,Beauty,2,500,1000
662,2023-03-20,Male,23,Clothing,4,300,1200
663,2023-12-28,Female,44,Clothing,4,500,2000
664,2023-04-20,Male,57,Clothing,1,50,50
665,2023-02-02,Male,51,Electronics,3,50,150
666,2023-08-01,Female,29,Electronics,1,500,500
667,2023-07-28,Female,62,Electronics,3,50,150
668,2023-06-19,Male,24,Beauty,4,300,1200
669,2023-10-05,Male,27,Beauty,1,30,30
670,2023-08-27,Male,62,Electronics,3,50,150
671,2023-08-01,Female,34,Beauty,2,50,100
672,2023-02-01,Female,43,Clothing,3,500,1500
673,2023-04-16,Female,38,Clothing,1,300,300
674,2023-08-04,Female,45,Clothing,2,30,60
675,2023-07-19,Male,63,Electronics,3,500,1500
676,2023-10-27,Female,19,Beauty,3,500,1500
677,2023-12-23,Female,60,Electronics,3,300,900
678,2023-01-11,Female,18,Beauty,3,30,90
679,2023-10-22,Female,53,Clothing,3,300,900
680,2023-07-14,Female,43,Electronics,2,30,60
681,2023-09-02,Male,46,Beauty,4,300,1200
682,2023-01-04,Male,38,Beauty,2,500,1000
683,2023-06-30,Female,28,Clothing,2,500,1000
684,2023-06-02,Male,57,Electronics,2,25,50
685,2023-07-19,Female,28,Electronics,4,50,200
686,2023-08-03,Female,53,Electronics,1,300,300
687,2023-10-03,Male,56,Clothing,4,25,100
688,2023-10-07,Male,57,Electronics,2,50,100
689,2023-11-05,Female,52,Clothing,3,300,900
690,2023-04-23,Female,51,Clothing,3,30,90
691,2023-09-07,Female,64,Clothing,2,50,100
692,2023-04-23,Male,41,Beauty,3,500,1500
693,2023-05-20,Female,39,Electronics,2,25,50
694,2023-08-12,Female,22,Electronics,3,50,150
695,2023-09-06,Female,50,Clothing,4,50,200
696,2023-01-15,Male,53,Clothing,1,500,500
697,2023-07-19,Female,64,Electronics,1,300,300
698,2023-06-22,Female,37,Clothing,4,30,120
699,2023-12-09,Male,36,Electronics,4,500,2000
700,2023-12-14,Female,52,Beauty,2,30,60
701,2023-07-27,Female,60,Clothing,2,300,600
702,2023-03-26,Male,34,Electronics,2,50,100
703,2023-08-28,Female,62,Clothing,3,30,90
704,2023-03-07,Male,60,Electronics,2,25,50
705,2023-11-15,Male,51,Electronics,4,25,100
706,2023-10-01,Female,26,Clothing,1,500,500
707,2023-01-14,Female,43,Beauty,3,300,900
708,2023-07-21,Female,19,Electronics,2,500,1000
709,2023-10-31,Female,26,Electronics,3,500,1500
710,2023-10-16,Male,26,Electronics,3,500,1500
711,2023-12-06,Female,57,Beauty,2,25,50
712,2023-01-14,Male,34,Beauty,3,25,75
713,2023-02-12,Female,18,Clothing,1,500,500
714,2023-11-26,Female,42,Beauty,4,25,100
715,2023-08-08,Female,60,Clothing,4,300,1200
716,2023-03-11,Male,57,Clothing,1,500,500
717,2023-08-25,Female,59,Beauty,3,25,75
718,2023-04-04,Female,42,Clothing,2,30,60
719,2023-01-26,Female,56,Beauty,3,500,1500
720,2023-05-14,Female,52,Clothing,1,500,500
721,2023-07-14,Male,20,Beauty,3,300,900
722,2023-06-17,Female,54,Beauty,4,50,200
723,2023-04-19,Male,61,Clothing,3,50,150
724,2023-08-21,Male,61,Electronics,1,300,300
725,2023-06-17,Male,47,Clothing,4,300,1200
726,2023-06-22,Male,55,Beauty,3,300,900
727,2023-07-14,Male,51,Electronics,3,50,150
728,2023-05-23,Male,29,Clothing,4,300,1200
729,2023-08-04,Female,36,Clothing,2,25,50
730,2023-05-10,Male,54,Clothing,4,500,2000
731,2023-02-11,Male,61,Electronics,2,500,1000
732,2023-08-29,Male,34,Beauty,1,30,30
733,2023-01-10,Female,27,Clothing,1,30,30
734,2023-10-04,Female,64,Clothing,4,500,2000
735,2023-01-27,Male,29,Clothing,4,25,100
736,2023-06-29,Female,33,Clothing,1,50,50
737,2023-04-25,Male,41,Clothing,2,50,100
738,2023-11-29,Male,36,Beauty,1,25,25
739,2023-02-05,Female,25,Beauty,4,50,200
740,2023-11-30,Male,48,Clothing,1,300,300
741,2023-01-21,Female,38,Electronics,4,500,2000
742,2023-01-16,Female,34,Beauty,4,500,2000
743,2023-05-07,Male,40,Electronics,1,25,25
744,2023-04-13,Male,54,Beauty,2,50,100
745,2023-01-11,Female,33,Clothing,3,30,90
746,2023-11-15,Male,23,Beauty,1,30,30
747,2023-03-20,Male,25,Clothing,3,50,150
748,2023-05-03,Male,42,Beauty,1,30,30
749,2023-03-06,Female,35,Clothing,3,25,75
750,2023-08-31,Female,42,Clothing,2,25,50
751,2023-12-09,Male,29,Clothing,2,50,100
752,2023-02-28,Female,32,Clothing,1,30,30
753,2023-10-16,Female,43,Electronics,4,25,100
754,2023-04-22,Female,58,Clothing,3,25,75
755,2023-08-27,Female,62,Electronics,4,300,1200
756,2023-12-25,Female,43,Electronics,4,300,1200
757,2023-05-12,Male,64,Clothing,4,25,100
758,2023-07-08,Male,49,Electronics,2,50,100
759,2023-03-27,Male,27,Beauty,1,500,500
760,2023-11-07,Female,33,Clothing,1,500,500
761,2023-11-07,Female,24,Electronics,2,25,50
762,2023-02-28,Male,34,Clothing,2,25,50
763,2023-03-25,Female,40,Clothing,1,25,25
764,2023-06-09,Male,43,Clothing,4,50,200
765,2023-02-25,Male,38,Electronics,3,300,900
766,2023-10-24,Male,39,Beauty,3,25,75
767,2023-01-14,Female,24,Beauty,3,25,75
768,2023-06-09,Female,31,Electronics,4,30,120
769,2023-10-22,Male,32,Clothing,1,50,50
770,2023-12-13,Male,24,Electronics,2,25,50
771,2023-07-12,Male,26,Electronics,1,30,30
772,2023-07-23,Male,25,Electronics,4,500,2000
773,2023-04-12,Female,40,Clothing,2,25,50
774,2023-02-08,Female,46,Electronics,4,25,100
775,2023-10-31,Male,35,Clothing,3,30,90
776,2023-12-20,Male,48,Electronics,3,50,150
777,2023-11-18,Female,47,Beauty,4,25,100
778,2023-05-05,Female,56,Electronics,2,500,1000
779,2023-02-22,Male,52,Electronics,2,25,50
780,2023-12-23,Male,35,Beauty,1,500,500
781,2023-06-04,Male,59,Clothing,3,300,900
782,2023-12-17,Female,56,Clothing,1,300,300
783,2023-11-04,Female,34,Electronics,1,500,500
784,2023-03-03,Female,31,Beauty,4,50,200
785,2023-10-17,Male,48,Clothing,4,25,100
786,2023-01-22,Male,41,Electronics,1,25,25
787,2023-06-27,Female,52,Beauty,3,300,900
788,2023-09-30,Female,61,Clothing,4,500,2000
789,2023-08-08,Male,62,Clothing,1,25,25
790,2023-12-05,Female,51,Beauty,1,25,25
791,2023-07-09,Female,20,Beauty,1,50,50
792,2023-02-05,Male,54,Beauty,1,30,30
793,2023-09-17,Female,60,Beauty,1,300,300
794,2023-11-28,Male,57,Electronics,1,300,300
795,2023-06-24,Male,43,Beauty,4,30,120
796,2023-01-07,Male,40,Clothing,3,25,75
797,2023-08-04,Male,61,Clothing,1,50,50
798,2023-09-08,Male,56,Electronics,2,50,100
799,2023-02-24,Male,32,Clothing,4,300,1200
800,2023-08-10,Male,21,Clothing,4,50,200
801,2023-07-05,Female,46,Beauty,1,30,30
802,2023-11-22,Male,39,Clothing,4,25,100
803,2023-08-24,Male,42,Electronics,1,30,30
804,2023-12-29,Female,30,Beauty,3,500,1500
805,2023-03-20,Female,35,Beauty,3,300,900
806,2023-08-11,Female,50,Electronics,4,50,200
807,2023-04-01,Male,33,Beauty,4,500,2000
808,2023-09-25,Female,62,Beauty,2,50,100
809,2023-11-30,Male,59,Electronics,4,25,100
810,2023-05-19,Male,61,Beauty,2,25,50
811,2023-11-12,Male,19,Electronics,3,25,75
812,2023-10-03,Male,52,Electronics,3,50,150
813,2023-09-05,Female,59,Clothing,1,500,500
814,2023-08-27,Female,51,Clothing,3,25,75
815,2023-08-12,Male,47,Beauty,2,500,1000
816,2023-10-31,Male,30,Beauty,4,50,200
817,2023-05-18,Male,30,Electronics,1,500,500
818,2023-06-15,Female,35,Beauty,2,50,100
819,2023-05-06,Male,49,Electronics,4,50,200
820,2023-02-14,Male,49,Electronics,1,300,300
821,2023-05-23,Female,52,Beauty,3,50,150
822,2023-08-19,Female,56,Electronics,2,50,100
823,2023-05-05,Male,63,Clothing,4,30,120
824,2023-08-26,Female,46,Beauty,1,25,25
825,2023-10-19,Female,46,Clothing,1,300,300
826,2023-11-09,Male,61,Beauty,3,300,900
827,2023-12-09,Female,33,Electronics,4,300,1200
828,2023-07-14,Male,61,Beauty,3,30,90
829,2023-06-22,Female,64,Clothing,3,50,150
830,2023-01-15,Male,27,Electronics,4,25,100
831,2023-09-11,Male,47,Beauty,4,500,2000
832,2023-06-16,Male,42,Beauty,4,50,200
833,2023-04-04,Female,56,Beauty,2,30,60
834,2023-09-07,Male,37,Clothing,4,50,200
835,2023-04-19,Female,22,Clothing,1,50,50
836,2023-07-01,Male,18,Beauty,3,30,90
837,2023-05-13,Male,47,Electronics,2,300,600
838,2023-06-24,Female,20,Electronics,4,300,1200
839,2023-05-24,Male,62,Clothing,2,25,50
840,2023-11-02,Male,31,Electronics,4,25,100
841,2023-12-26,Female,47,Clothing,2,300,600
842,2023-05-22,Male,21,Beauty,3,500,1500
843,2023-10-12,Male,35,Clothing,3,50,150
844,2023-01-06,Male,54,Clothing,1,500,500
845,2023-09-22,Male,42,Beauty,1,50,50
846,2023-04-08,Female,18,Electronics,4,300,1200
847,2023-02-13,Female,63,Clothing,3,25,75
848,2023-05-04,Male,32,Clothing,2,25,50
849,2023-07-28,Female,26,Beauty,2,500,1000
850,2023-09-08,Male,32,Electronics,2,25,50
851,2023-10-12,Female,41,Clothing,1,300,300
852,2023-05-04,Male,21,Beauty,2,500,1000
853,2023-12-20,Male,29,Clothing,1,50,50
854,2023-09-01,Male,54,Beauty,1,25,25
855,2023-11-27,Male,54,Electronics,4,30,120
856,2023-12-31,Male,60,Electronics,2,25,50
857,2023-09-09,Male,23,Electronics,2,50,100
858,2023-08-18,Female,56,Electronics,3,500,1500
859,2023-01-09,Male,63,Clothing,4,50,200
860,2023-02-17,Female,41,Clothing,3,30,90
861,2023-05-31,Male,28,Electronics,4,300,1200
862,2023-04-24,Female,30,Electronics,2,25,50
863,2023-07-27,Female,51,Electronics,1,500,500
864,2023-12-21,Female,42,Clothing,1,300,300
865,2023-05-05,Male,24,Electronics,1,50,50
866,2023-06-06,Male,21,Electronics,1,500,500
867,2023-12-06,Female,25,Electronics,1,300,300
868,2023-10-25,Male,37,Beauty,3,500,1500
869,2023-07-08,Female,46,Electronics,4,30,120
870,2023-08-31,Male,62,Beauty,2,30,60
871,2023-10-11,Female,63,Beauty,3,25,75
872,2023-09-29,Female,27,Electronics,4,25,100
873,2023-06-26,Male,60,Beauty,1,30,30
874,2023-08-06,Female,51,Electronics,4,500,2000
875,2023-10-09,Male,43,Clothing,4,30,120
876,2023-06-19,Female,58,Clothing,1,25,25
877,2023-06-30,Female,20,Clothing,1,30,30
878,2023-12-26,Male,23,Clothing,1,30,30
879,2023-08-21,Male,22,Beauty,2,500,1000
880,2023-05-19,Male,22,Electronics,1,300,300
881,2023-06-06,Female,64,Electronics,2,25,50
882,2023-05-09,Male,40,Electronics,1,500,500
883,2023-04-29,Female,26,Clothing,2,30,60
884,2023-03-03,Female,52,Clothing,4,30,120
885,2023-04-09,Male,37,Electronics,3,300,900
886,2023-06-11,Male,59,Clothing,4,25,100
887,2023-03-03,Female,52,Electronics,4,25,100
888,2023-10-02,Female,35,Electronics,1,50,50
889,2023-12-20,Male,34,Electronics,2,25,50
890,2023-04-05,Male,41,Electronics,3,300,900
891,2023-04-09,Male,20,Electronics,1,50,50
892,2023-04-21,Male,49,Electronics,1,50,50
893,2023-09-05,Male,52,Electronics,1,30,30
894,2023-05-22,Female,55,Clothing,4,30,120
895,2023-10-29,Female,30,Electronics,2,25,50
896,2023-09-26,Female,64,Electronics,2,50,100
897,2023-11-02,Female,42,Clothing,3,30,90
898,2023-05-25,Male,26,Clothing,2,300,600
899,2023-02-21,Male,21,Clothing,2,30,60
900,2023-04-10,Male,31,Electronics,1,30,30
901,2023-06-01,Female,54,Beauty,1,50,50
902,2023-04-27,Female,51,Beauty,4,50,200
903,2023-07-04,Male,28,Clothing,1,500,500
904,2023-04-02,Male,58,Beauty,1,300,300
905,2023-06-04,Female,20,Clothing,1,50,50
906,2023-01-08,Female,45,Electronics,1,25,25
907,2023-12-29,Male,46,Beauty,4,300,1200
908,2023-10-01,Male,26,Electronics,1,300,300
909,2023-03-06,Female,20,Beauty,3,50,150
910,2023-05-21,Male,42,Electronics,3,300,900
911,2023-01-24,Male,51,Beauty,3,50,150
912,2023-01-28,Male,29,Electronics,3,30,90
913,2023-10-11,Female,59,Electronics,1,500,500
914,2023-05-30,Female,26,Beauty,3,30,90
915,2023-12-24,Female,32,Electronics,1,50,50
916,2023-03-06,Female,57,Electronics,4,50,200
917,2023-11-23,Female,42,Electronics,3,30,90
918,2023-09-09,Female,22,Beauty,2,25,50
919,2023-02-22,Female,28,Beauty,3,25,75
920,2023-01-07,Male,51,Electronics,3,25,75
921,2023-10-21,Male,41,Electronics,1,50,50
922,2023-05-26,Male,32,Beauty,3,300,900
923,2023-08-29,Male,55,Beauty,2,50,100
924,2023-09-03,Male,25,Electronics,1,300,300
925,2023-08-14,Male,22,Electronics,1,30,30
926,2023-06-24,Male,43,Electronics,4,500,2000
927,2023-04-05,Female,35,Clothing,4,300,1200
928,2023-01-27,Female,23,Beauty,3,25,75
929,2023-05-10,Male,54,Clothing,4,50,200
930,2023-09-02,Male,30,Beauty,4,30,120
931,2023-02-28,Female,45,Beauty,4,25,100
932,2023-02-03,Male,22,Beauty,1,30,30
933,2023-07-25,Male,30,Beauty,1,500,500
934,2023-09-09,Female,34,Beauty,1,50,50
935,2023-02-07,Male,57,Beauty,4,50,200
936,2023-10-23,Female,62,Beauty,1,500,500
937,2023-11-19,Male,49,Clothing,4,50,200
938,2023-12-18,Female,46,Electronics,1,300,300
939,2023-01-28,Female,20,Electronics,1,30,30
940,2023-03-19,Female,57,Clothing,2,25,50
941,2023-03-18,Male,51,Clothing,3,500,1500
942,2023-10-16,Female,57,Clothing,4,300,1200
943,2023-06-05,Male,44,Clothing,2,25,50
944,2023-02-13,Male,30,Beauty,1,25,25
945,2023-05-08,Male,62,Electronics,4,500,2000
946,2023-03-02,Male,50,Beauty,1,300,300
947,2023-10-13,Female,23,Electronics,3,25,75
948,2023-08-02,Female,41,Electronics,2,25,50
949,2023-11-07,Male,36,Clothing,3,300,900
950,2023-11-02,Male,33,Beauty,2,50,100
951,2023-11-13,Female,57,Clothing,1,25,25
952,2023-04-26,Male,45,Beauty,3,30,90
953,2023-09-25,Female,50,Electronics,3,300,900
954,2023-07-14,Male,58,Clothing,1,25,25
955,2023-08-19,Male,30,Clothing,3,500,1500
956,2023-08-15,Female,60,Electronics,4,30,120
957,2023-06-02,Male,62,Electronics,2,25,50
958,2023-10-29,Female,42,Electronics,2,30,60
959,2023-08-08,Male,59,Clothing,2,30,60
960,2023-06-06,Male,53,Beauty,4,50,200
961,2023-10-19,Male,44,Clothing,2,30,60
962,2023-11-14,Female,55,Beauty,1,50,50
963,2023-01-31,Male,24,Clothing,3,300,900
964,2023-11-09,Male,22,Clothing,4,50,200
965,2023-02-20,Male,60,Electronics,2,500,1000
966,2023-04-17,Male,62,Beauty,1,25,25
967,2023-11-17,Female,48,Clothing,3,300,900
968,2023-04-19,Female,40,Clothing,3,300,900
969,2023-05-16,Male,59,Electronics,4,500,2000
970,2023-12-05,Female,27,Electronics,4,50,200
971,2023-02-11,Male,49,Beauty,4,25,100
972,2023-03-22,Male,60,Clothing,1,50,50
973,2023-05-03,Male,47,Beauty,1,30,30
974,2023-03-30,Female,56,Clothing,4,50,200
975,2023-10-10,Female,48,Beauty,2,300,600
976,2023-02-08,Female,35,Electronics,3,25,75
977,2023-03-22,Female,53,Clothing,3,50,150
978,2023-01-02,Female,19,Beauty,1,25,25
979,2023-07-29,Female,31,Electronics,3,25,75
980,2023-08-19,Female,30,Electronics,2,30,60
981,2023-12-19,Female,46,Beauty,3,30,90
982,2023-11-01,Female,29,Clothing,1,300,300
983,2023-08-29,Male,56,Clothing,1,500,500
984,2023-05-30,Female,19,Electronics,2,25,50
985,2023-01-17,Female,49,Clothing,2,500,1000
986,2023-04-29,Female,30,Clothing,3,300,900
987,2023-05-28,Female,63,Clothing,3,25,75
988,2023-12-28,Female,44,Electronics,1,25,25
989,2023-05-25,Female,58,Beauty,2,500,1000
990,2023-12-26,Female,34,Clothing,2,50,100
991,2023-08-21,Female,57,Electronics,2,30,60
992,2023-02-06,Female,48,Electronics,3,50,150
993,2023-12-18,Female,51,Beauty,2,500,1000
994,2023-04-30,Female,41,Clothing,1,30,30
995,2023-05-16,Male,62,Clothing,1,50,50
996,2023-11-17,Male,52,Beauty,3,30,90
997,2023-10-29,Female,23,Beauty,4,25,100
998,2023-12-05,Female,36,Electronics,3,50,150
999,2023-04-12,Male,47,Electronics,4,30,120
